,Model1,Model2,Model3,Model4,Model5,Model6,Model7,Model8
at1g14650.2,0.0025028932252171465,0.0023598146447823703,0.0016694291117029935,0.01006254255900663,0.010210507310256588,0.007063127476509573,0.0014196997258609733,0.00235712493259993
at3g05727.1,0.0017491347864009175,0.0018694983732578281,0.0012752495631847395,0.009376899395471235,0.009611284393272803,0.006583342327798508,0.0012770623003774708,0.0018272040868216443
at1g13330.1,0.0016877940577267642,0.0017588719223890156,0.0012239167936349859,0.009360380936553005,0.009376967949270435,0.006465656081399925,0.0011383613570193742,0.0016500699956463433
at5g24915.1,0.005523402770125625,0.00445369396905169,0.0013840940725849955,0.00979172617424974,0.010699229106234035,0.0066624470833356675,0.0016346986244318857,0.0031421514140942386
at4g13890.1,0.0019058629114912689,0.0018123301322426394,0.0012774120739123178,0.009379958230256384,0.009434230628825199,0.006474939947280767,0.0012313034335119475,0.0016525083719653715
