,length,ORF,GC,fickett,hexamer,identity,align_length,align_perc_len,align_perc_ORF,lnc_score,prediction
at1g14650.2,3168,2358.0,45.01262626262626,1.1746,0.130130670613,83.9,785.0,0.24779040404040403,0.3329092451229856,0.0344370341195986,0
at3g05727.1,511,243.0,37.18199608610568,1.0409,0.077967536899,100.0,80.0,0.15655577299412915,0.3292181069958848,0.0344370341195986,0
at1g13330.1,1020,681.0,38.529411764705884,1.1342,0.038744782193,87.2,226.0,0.22156862745098038,0.33186490455212925,0.0344370341195986,0
at5g24915.1,5901,3873.0,45.00932045416031,0.6414,-0.00426493232796,0.0,0.0,0.0,0.0,0.0344370341195986,0
at4g13890.1,1592,1413.0,45.22613065326633,1.1699,0.138870735946,100.0,470.0,0.2952261306532663,0.3326256192498231,0.0344370341195986,0
